{
  "train_loss": [
    1.724551463260331,
    0.8294607849593935,
    0.5590691812461315,
    0.48650177163930414,
    0.4098586864644589,
    0.3535436968522032,
    0.3196423680589186,
    0.28128859298771985,
    0.2574945984814087,
    0.23319002272113742,
    0.23219154179408397,
    0.23368422519519674,
    0.2148016046149937,
    0.17896127476039544,
    0.15575105216947263
  ],
  "train_acc": [
    62.56140350877193,
    76.26315789473684,
    82.52631578947368,
    85.12280701754386,
    86.42105263157895,
    88.3157894736842,
    89.42105263157895,
    90.3859649122807,
    91.19298245614036,
    91.50877192982456,
    91.71929824561404,
    91.71929824561404,
    92.52631578947368,
    93.15789473684211,
    93.59649122807018
  ],
  "val_loss": [
    1.221891126036644,
    1.0951044693589211,
    1.1108502432703973,
    1.075825047492981,
    1.040417163570722,
    1.014194478591283,
    0.9759946137666702,
    1.0294363816579184,
    0.9066512276728947,
    0.9608079768717289,
    1.0242867848525445,
    0.9305961405237516,
    0.945439799875021,
    0.9833274143437545,
    1.0018093191087245
  ],
  "val_acc": [
    68.0,
    74.57894736842105,
    76.21052631578948,
    76.47368421052632,
    77.78947368421052,
    78.42105263157895,
    78.6842105263158,
    79.05263157894737,
    79.47368421052632,
    81.0,
    80.52631578947368,
    81.15789473684211,
    80.52631578947368,
    81.47368421052632,
    81.3157894736842
  ]
}